"tweeter","total"
"BrickSetSearch",1285
"bargains_brick",174
"XenaGifts",129
"Lego_enthusiast",124
"BrickFanatics",81
"BuildingToys1",68
"StarWarsToysan1",58
"LEGOStarWarsS2",47
"PS5only",44
"collectlegos",36
"GregLCook",31
"BitchinLego",30
"empirisch2",29
"puledo",27
"legobrickvideos",24
"JediNewsNetwork",23
"longe_teclado",23
"StarWarsInforms",21
"swcutscenes",21
"vgamereviewbot",19
"AggroGamer",18
"futureotforce",18
"GrandShuckett",18
"mybabychoose",18
"PlayerHud",18
"pushsquare",17
"BigTopApps",16
"gr8prices1",16
"OopsAllDrops",16
"alien_merchant",15
"brickscanner",15
"FanthaTracks",15
"KayTee15355740",15
"thejessijames",15
"ToyerToys",15
"wickedgadgetry",15
"Yottabrick",15
"AppDropped_UK",14
"bobafettfanclub",14
"LegoDealsUK",14
"tech_cheers",14
"brandhubbsa",13
"CutoutsStar",13
"Joker_Alex21",13
"MtthwClmn",13
"SMM2_bot",13
"andrearweir",12
"BoresStar",12
"g00s3y",12
"GamerMonkey_",12
"ShilohCyan",12
"bcsn_official",10
"ClanQuest",10
"GamerStockist",10
"MarnoASMRFan",10
"olivercgoetz",10
"rowoof",10
"the_newsmen",10
"thisisloudlungs",10
"tormentalous",10
"WookieeStore",10
"BoonSlevin",9
"itechbrand",9
"justxavier2004",9
"K1NG_CA1",9
"kalebhanson0104",9
"xboxworldch",9
"zavvi",9
"brickmerge",8
"comuesp_",8
"DrWhom42",8
"eDealinfoUSA",8
"GadgetFlow",8
"JonEnsman",8
"legofac",8
"MyNickIsNick_",8
"PoorGrady",8
"Spicy_NBA_Chili",8
"TechOnShow",8
"theavltoday",8
"timesofesports",8
"tronprogram2",8
"wicked_brick",8
"A7ZATRU",7
"AzureAcedia",7
"camp__lucky",7
"Dillian_Criker",7
"gregbarkhamjr",7
"LEGOTSSNEWSII",7
"movietvtechgeek",7
"msd3adpool",7
"ozbargain",7
"panekkkk",7
"peggles_V8SC",7
"PodcastStardust",7
"promobricks",7
"revistawhatsup",7
"robby_weidemann",7
"Sneaky_Steals",7
"theeagle",7
"TheGamersTemple",7
"Zusammengebaut",7
"1up2play",6
"aB_Silencer",6
"AllMaverickNews",6
"babano22",6
"beeb1up",6
"bestkidstoysbiz",6
"bleedingcool",6
"buescues",6
"CallMeWillB",6
"detoo",6
"Dirty_Medic",6
"dlatusek12",6
"eStream_Studios",6
"ffn_bbq",6
"iconicranboo",6
"iDropNews",6
"JenBandicoot",6
"KillThePast_",6
"LinterniG",6
"MuddledDelight",6
"NicdSF",6
"OfficialTGdudes",6
"PEBPhotography",6
"PGNewsHQ",6
"primesilver",6
"PSUdotcom",6
"StarWarsCommand",6
"StevieBailey",6
"Stupacabra",6
"TheNicoFett",6
"ToyPhotoBlog",6
"TransPunk_",6
"ZingPopCulture",6
"9to5toys",5
"AndrewLTumlin",5
"bibliotecaJedi",5
"BrockBowen23",5
"DarthZilla19",5
"DependentSpider",5
"DgMsYT",5
"elmelegey",5
"FinalXV",5
"FutureboyWho",5
"HackTheDino",5
"HD_Gamer_84",5
"Hebergementwebs",5
"IGNDeals",5
"ItsMeAaronP",5
"jonathan_simps",5
"justinlasalata",5
"Keigan37109507",5
"LordDagovere",5
"ManyCatsCIC",5
"OctoDan05",5
"OL_Thomas_",5
"ositobarrigon",5
"ourbabybun",5
"OurCoolFinds",5
"pebsi82",5
"PvPLive_Net",5
"robinpatrol",5
"RuthHeinzelmann",5
"S3NT1N3L17",5
"SABooksPro",5
"StarWarsNewsNet",5
"SweetCandeegirl",5
"tommy_capozzi",5
"urbangiftsuk",5
"wynnedief",5
"xeanort99",5
"___Flap___",4
"206geek",4
"77_collings",4
"ABQSatellite",4
"ACMcCumbers",4
"adamshostack",4
"ansiacl",4
"AntWalker_Cook",4
"aspiraldance",4
"BestFamousToys",4
"BizarreBlue_",4
"Blaster944",4
"BricksFanz",4
"Ccero95257539",4
"CelebrityGigMag",4
"cetojevic_dana",4
"Chrome_Dragons",4
"CinemaInNoir",4
"CrochetTrooper",4
"cultofmac",4
"DanielleVEsq",4
"DarthWitciu1",4
"ElonMuskFirst",4
"EricSalamandra",4
"ESSGamingHQ",4
"EvanintheHaus",4
"ezdlc",4
"FrankDiPaolo",4
"GeekGeneration",4
"GeekToyLove",4
"GreyClo74866596",4
"HowToBuildLEGO",4
"InfoLegolatero",4
"InsideTheForce",4
"K18WheelerGamer",4
"KowalskiDylan",4
"LegoCreativity",4
"LegoSWmemes",4
"Lilly_Pillie",4
"LunarSquadron",4
"MarkinOutLoud",4
"MediaholicsBlog",4
"Medianieuwtjes",4
"MikeMonty8",4
"mygpzone",4
"mythicalpizza",4
"noticieroporno",4
"playitagain88",4
"PlexReel",4
"pmps_den",4
"poocgeddon",4
"PughChief",4
"purehavuk",4
"Quinten_Lee",4
"RestocksNow",4
"robobbie_",4
"samshawmedia",4
"sega_ps1fan",4
"sexotube1",4
"starwars_spec",4
"stephenheggie",4
"stinabarber81",4
"SummerTheJedi",4
"SWFisch77",4
"Tact_Op",4
"technavemy",4
"Tecnogusblog",4
"TheDancingDoggo",4
"TJPhatty",4
"Tranman64",4
"tweakers",4
"XtremeXEN",4
"z4mp1",4
"ZoneLego",4
"9To5TechNews",3
"AKat47u",3
"AkiraMiyazaki17",3
"AmazonAzure",3
"amberwine",3
"Andhravilasnews",3
"anzu_is_online",3
"Appo_irl",3
"ashleyjones13",3
"AtSwindells",3
"Attila_The_Hutt",3
"beanboy715",3
"BenjaminFrye17",3
"BirdsPromotion",3
"blakecissel",3
"bravebow1153",3
"BurlyPowerMew",3
"bwogre",3
"CanonChronicler",3
"CatboyCopia",3
"chilledsammy",3
"clevelandwest",3
"CodingJessica",3
"CrispsCold",3
"Cyprian21375633",3
"DigitalTrends",3
"DOAHITMAN",3
"DrAshleyMorgan1",3
"DropCentr",3
"dumplingshirara",3
"EanDuke",3
"epicbossfunnyha",3
"everythimgbagel",3
"extrahotmovies",3
"ferniously",3
"funkysandals22",3
"GameLootNews",3
"gamesbestbuy1",3
"GeekDiscounts",3
"geronimo_73",3
"GH_Cosplay",3
"Gladiator50n",3
"GM_Banderas",3
"GTechGeorge",3
"GuavaDaPengu",3
"hector_MJ_CR7",3
"HossPlayz",3
"IanHopkinson_",3
"imdumpsterboy",3
"irishchinese",3
"isearch247",3
"ISIS_Slay3r",3
"ismailernie",3
"jacksjollyroger",3
"JamesMatlock04",3
"Josephille_",3
"JustTimmNL",3
"karazorlls",3
"LongRagnar",3
"MalloukAdam",3
"MansurWaffles",3
"MariaGelicaaa",3
"MariamSkywalker",3
"Mastermuz1",3
"MichaelDinich",3
"MiniLegoProduc1",3
"mistiwyshak",3
"MjrMalevolence",3
"Nerdmovieprod",3
"new_games_new",3
"OfficialTessonJ",3
"ohsnapitysnapz",3
"OldSkoolGeek420",3
"oodja",3
"oxtexnet",3
"Palamedez",3
"palkeyspodcast",3
"Phase9tv",3
"PluggedInFamily",3
"PortHavenForums",3
"PS5Restocked",3
"psycho_retros_2",3
"RealBenMaynard",3
"RebelHeirPod",3
"ripclonefives",3
"SGC64Matt",3
"Shiinovii",3
"sithshailar",3
"SleepyKittyPaw",3
"SRFantasyClub",3
"startrekccg1e",3
"StarWarsFan_327",3
"StarWarsGear",3
"StarWarsNZ",3
"stephenguyott",3
"Striker__8",3
"StringAged",3
"Super_Nova_010",3
"SusanMcCoog",3
"swingaway760",3
"TheGarageGamer1",3
"TheLEGObrick_",3
"TheWendyWright",3
"TheWhirlEBird",3
"ThisIsCyclops",3
"ThSleepyVampire",3
"TriforceTrends",3
"Tuwile2",3
"UKDealsAndGways",3
"Vel_Sparko",3
"washedboomer",3
"WienElch",3
"wristbow",3
"XChristmasGifts",3
"XykoticOwl",3
"ZoroJanai",3
"_Jaws14_",2
"_Mandotory_",2
"_NoMoreMutants",2
"1_Guinip",2
"Aaron_Skyguy",2
"ActionSebastian",2
"ACTU4MDIGITAL",2
"ADecentArtist",2
"AdieSahota",2
"Ailerwassuspndd",2
"Albrett_",2
"Alex06777341",2
"alliknowispain5",2
"AppleArcade",2
"appleinsider",2
"ArtemisMagna",2
"ArtHolmdawg",2
"ashofclanwren",2
"ASMRGamingNews",2
"atc295",2
"B1GStark",2
"bananabot24",2
"bcolbymartin",2
"BenjaminStroupe",2
"BigJermHQ",2
"BlueMilkMama",2
"bodichan",2
"BradWardFight",2
"braheemo7",2
"CaptainFoof",2
"carnabychick",2
"CBR",2
"CheeksGhandi",2
"Cheif42",2
"ClutchicanCool",2
"ComicBook",2
"coprespecter420",2
"Crochet_Jedi",2
"czechwun",2
"DabaronDaVinci",2
"DaiIySWGames",2
"Dark_kingjay",2
"Darth_Zee",2
"DejaViewstream",2
"dexea_",2
"DiogoAntnioRis2",2
"doctorpartridge",2
"dominicsjr",2
"DossaryNot",2
"DrCompass1",2
"DrJaxNole",2
"Dropthespotlig1",2
"drpants",2
"DrSamHutchinson",2
"EchthelionII",2
"Eclipse_Reviews",2
"eclypse_tweets",2
"EllieMcConnel18",2
"Elyjasartwork",2
"Ephrael752",2
"equestrianduck",2
"fromdusktiljuan",2
"FutureAmeencity",2
"Game_Fragger",2
"GamerKevin94",2
"GameVault8",2
"GamingCypher",2
"gamingyoda5",2
"gavyfn",2
"Geek1elf",2
"getyourcomicon",2
"Gingerted1",2
"GltchdLtd",2
"HailFeerick",2
"HapanOutcast",2
"HoloBrick",2
"ilikemyjojo",2
"imdbee",2
"itmothee",2
"IttzAndrew",2
"ivannaypau",2
"Ivyevelynn",2
"jackshippo",2
"JacobsQuest",2
"JamieMoranUK",2
"jdaIrymple",2
"jmertens",2
"joe_propane",2
"JoeDobrynski",2
"jovieenrose",2
"Kevindots0n69",2
"KevinElevinguy",2
"KieranDavidBurt",2
"Knuckle_HeadTV",2
"KyleO58088433",2
"LameMoZ",2
"lauralaura27",2
"Layilith",2
"LochNessMobsta",2
"Lord_Warpa",2
"love_grogu",2
"lukerob72317804",2
"Lv1Gaming",2
"MacObserver",2
"mai_komagata",2
"Mandalore4Ever",2
"mathoare13",2
"maurztuia",2
"mmarkwell",2
"MrFilpMix",2
"MrGuySoto",2
"musicninjamat",2
"mydealz",2
"NackSavik",2
"NameIsFun2Say",2
"NookiboLive",2
"Nwow72",2
"omonotagain",2
"oskool_g",2
"pakisdaddy",2
"pigeonthegamer",2
"planetquotesbot",2
"pootatcat",2
"portchd",2
"Potty_Snatcher",2
"PushStartMedia",2
"RamRadio7",2
"Rashidaaah",2
"RealJayhost",2
"REBELCHILD24",2
"Ric9871Ric",2
"rileytheereylo",2
"rogueitems",2
"RoisinGalaxy",2
"RoninTheWolf",2
"RossReviewsAll",2
"rsoftsolution",2
"S_J_Dexter",2
"sammuelvv",2
"SgtDragon",2
"Shinyhunter48",2
"ShrekBoiJr1",2
"SickHorrorFreak",2
"SilentRegulator",2
"skittlejunkie_",2
"slashfilm",2
"SNEAKPEEKCA",2
"sparta4492",2
"SSGSSNUGGET69",2
"starjoes1",2
"Starrapter",2
"SWTimeShow",2
"Tazbarneygg",2
"TechInvestNews",2
"TferThomas",2
"The_Beelzebella",2
"TheEternalSam",2
"TheFloorHugger",2
"TheJamOfSteel",2
"thenewskis",2
"therealpreneur_",2
"TheRealRene19",2
"TheSWU",2
"Thriftology_VB",2
"thumb_sticks",2
"ToksanAlpha",2
"TomorrowedBlog",2
"ToysandGamesUK1",2
"ToysNBricks",2
"tremoore2011",2
"TSKNew999",2
"TyrLuthor",2
"TYScottOfficial",2
"Uh_Halo",2
"UltraTexcap",2
"upgg_neutral",2
"vincentwilson37",2
"vinterp2",2
"vogliamo_tutto",2
"WifeGamers",2
"WikiRandomWalk",2
"WyattMitchison",2
"xAHx51",2
"Xammas",2
"XanaduBIood",2
"XboxTrackr_fr",2
"XDXD90622803",2
"xrosymoon",2
"xSrPeluso",2
"yugiomoto",2
"yungfuckingH",2
"zappy_pappy",2
"ZodiacDistant",2
"zOf2Halves",2
"_Maxhache",1
"_MikeVsWorld_",1
"_olicannoli",1
"_pendere",1
"115HaseebR",1
"3starDrain",1
"404_SunNotFound",1
"97hellboy",1
"abfuckingnorma1",1
"AdamBear37",1
"AdvBlur_Gamer",1
"afnewsinfo",1
"aidenlampitt",1
"ajdupontz28",1
"AjGrabias",1
"alana_thrower",1
"AlanAleksanderA",1
"AlexSmi30515797",1
"aliceonkino",1
"allapplearcade",1
"amazonguideus",1
"Andrew99717653",1
"AndyRSS",1
"angeryarcanine",1
"AnNguyenLoveli",1
"apple13556",1
"apxkzhyds",1
"AQarllief",1
"Aquaria777",1
"arich____",1
"ASP2CTT",1
"atomiccartoons",1
"AvenwoodZup",1
"bannon_luckert",1
"bare_gamer",1
"berry_splat",1
"BestPhotogr",1
"BogusMeatFactor",1
"brusselsprou",1
"BrynoLad",1
"BZP_Tweets",1
"C0NN0RCLARK",1
"Cade_Onder",1
"CainSergal",1
"CamiBellyButton",1
"CAPTAINGUCCI420",1
"carksequel",1
"carterhoff",1
"CaschysBlog",1
"CEOofKlein",1
"Cerebus_Gaming",1
"CGMagonline",1
"chadsapieha",1
"ChaseDunnette",1
"ChildishSphinx",1
"chrismckee",1
"Christo56586681",1
"chugway1138",1
"church2550",1
"clawncroft",1
"Coconut_enjoyer",1
"ColinHi47711591",1
"combocasterpt",1
"comfy_pjs",1
"ComicBookNOW",1
"ComicConNinja",1
"competidan",1
"Conkigant",1
"ConnaireKempst1",1
"correct_gaming",1
"CR0SSHA1R",1
"CRABcombat",1
"crobinsrobin220",1
"CwilzZ",1
"cxptyler",1
"dane_thoughts",1
"DanielF737EBook",1
"darthsyd_ious",1
"DefinitelyLit",1
"deletedscheme",1
"demssb",1
"dignitystream",1
"Dizzedcom",1
"domimommy22",1
"DorkSideOForce",1
"Dot_Dot15",1
"DPSzmytke",1
"dr_hinfectos",1
"DrAlanMurta",1
"dreamcast767",1
"DreTop1a",1
"DrWongz",1
"ea_xavi",1
"EchoSerpentinas",1
"elijah_mustache",1
"EmotionIessBruh",1
"Epicjedi2",1
"ErikTellez17",1
"Ethan69776872",1
"EthanMacncheese",1
"evangeline_dawn",1
"evilpandaninja",1
"ExBulletinUk",1
"Fake_ManorRT",1
"FloofyBat",1
"flxshallens",1
"flying_donkeys_",1
"FMyth_Gaming",1
"FookNews",1
"ForbesCutler",1
"freakgeek_yt",1
"FrogCass",1
"FromPage2Screen",1
"fuckerstookkilo",1
"Funnybloke1",1
"gaga52406936",1
"GalateoJoey",1
"game_spew",1
"GameNorwich",1
"GamerIntel",1
"GamesRadar",1
"gamesTMmag",1
"Gee_WHiZZz_",1
"GeekInfoNow",1
"GeekyDealsDaily",1
"GertLushGaming",1
"GodisaGeek",1
"goomba_4_smash",1
"GuntherFN_",1
"GustavJonsson4",1
"gutznotguts",1
"halfmoonbeth",1
"HatokTalk",1
"HatsuneMarvin",1
"hattdesigns",1
"Hero0fSandwich",1
"HetaHell",1
"HewottTheGreat",1
"HeyItzGeorgiaxx",1
"hi_fiii_delity",1
"hievenhade1962",1
"hotdogdispensr",1
"hxc_lowlight",1
"HYPEBEAST",1
"ichiroao",1
"iDownloadBlog",1
"Impracticaltv",1
"Instinct093",1
"InUrHeadRent3",1
"InvisionGameCom",1
"iPhoneinCanada",1
"iStoreSMD",1
"italiatopgames",1
"ItsRoobesIdiot",1
"J3Qui",1
"Jacob_Nee17",1
"JacobHe20876770",1
"JakobPeabody",1
"JDaddyMill",1
"jedi_almill",1
"jokeyjoke420",1
"jooji88",1
"jorbostinks",1
"JSdoesFNAF",1
"KalengarTV",1
"kanadianbest",1
"KARLLOVECLUB",1
"KazeYoTsutaete",1
"kazzydoodah",1
"KDubsScholar",1
"KelziniFinalMix",1
"kiing_bloodpooI",1
"KingOfTheSquill",1
"Kitsunenokuro",1
"kodisnap",1
"korrayonce",1
"KrisTopherChaJn",1
"KristophParker",1
"LankyApollo",1
"laughing_place",1
"Laura_Ashling",1
"laurynchrp",1
"lazvstheworld",1
"Lefishman1",1
"LegoGamesNews",1
"library_fae",1
"lilian_orchard",1
"LittleCrabbb",1
"LittleJohn_MD",1
"littlemachine_",1
"LLyndby",1
"loganbrewer75",1
"LOINER87",1
"LordPatriot445",1
"LUCKYLADY4663",1
"lukeallinone",1
"LukeGre38681416",1
"mabbombadil",1
"mac_daddy679",1
"MacHashNews",1
"macitynet",1
"MackyWasTaken",1
"maddd1ZZ3",1
"Manchildalorian",1
"Mango5741",1
"MauroNL3",1
"mayapapaya319",1
"mayycroft",1
"MelxGarcia",1
"MidAtlConsult",1
"MissCParadise",1
"misty_horizons",1
"mkijnustice",1
"mlgxxx808",1
"modcontrollerz",1
"MrIppikodoku",1
"Munkyal77",1
"Mustache_TV",1
"mutilatedlip",1
"N4G",1
"naclg0d",1
"nate_shellito",1
"neet__tweets",1
"Nelmzey",1
"NerdApproved",1
"NerdyNinja7",1
"NewsItech",1
"newsx24channel",1
"NierEnix",1
"ninek4ne",1
"offial_a_ant",1
"OneMoreGameAu",1
"Only_Xui",1
"oreoguy8",1
"overthinkn2much",1
"OzoneNerd",1
"papavaritis",1
"pasty_mr",1
"Patrick_Graves",1
"PeterSchorschFL",1
"Phase_Hate",1
"physicssux1234",1
"PikaPlaysSSF2",1
"pilox29",1
"PlanetRainn",1
"planyourwebsite",1
"PlasmaPistolCEO",1
"Polygon",1
"powercast5",1
"PratDaniel",1
"PyroFoxChloe",1
"qasmokegames",1
"QianaYo53635588",1
"RachelLeishman",1
"realbrianmullin",1
"Redrose357_",1
"RemnantSnow",1
"RevSethDub",1
"RobBattinson_",1
"RobertLonechil1",1
"RyanMit69510512",1
"SailorDisco",1
"SamAsturiano",1
"Sammiesora2",1
"SarahThrawn",1
"Scotty__P",1
"screenrant",1
"Sdelintwouters",1
"sean_doc16",1
"SeppinRek",1
"sharkydaemoness",1
"ShenanigenPlays",1
"Shuttlecock",1
"SidTheKid0902",1
"Sir_ZomWolf",1
"skyguy_anakin_",1
"SkyloftianSS",1
"SlothRedux",1
"SmilinTone",1
"sndsphotography",1
"Snubby21",1
"SolsticeTanner",1
"sophlikesbugs",1
"Spider_boyo",1
"spidermac",1
"splashkenny",1
"SpongerV",1
"StarWars_SG",1
"StarWarsEvents",1
"StarWarsWorld12",1
"stefanodonadio",1
"StephenStreaker",1
"superfabis",1
"SuriKrieger",1
"swtorstrategies",1
"SystMSenpai",1
"t_ravin_",1
"TevvyWevvyy",1
"that_uk_gamer",1
"ThatBrickSite",1
"thatgrltrish",1
"The_NoNameGuy_",1
"the80slasher",1
"TheACMJS",1
"thecomicsection",1
"thegamerwebsite",1
"thekarki",1
"TheKnowledgeFe1",1
"TheMARCompany1",1
"TheMarySue",1
"thenegotiator95",1
"TheOnlyBossBaby",1
"Theperk77",1
"TheQueenMarakel",1
"TheRealNooshu",1
"TheRealTinyGeek",1
"thescavalry",1
"TheSodamanLive",1
"thespooooder",1
"thethiccnrich",1
"Tiernan80037340",1
"Titi_mokinho",1
"TittlePress",1
"TLummo",1
"toasteez9840",1
"TobiCasorder66",1
"tomrade_",1
"Tr3nt1n",1
"TreyFarrow",1
"trisael",1
"TweetedSpoilers",1
"UHacker500",1
"UNDERRO0S",1
"UpMyTech",1
"urbadthought",1
"UVLIGHING",1
"vankyre",1
"VeryTiredDreamr",1
"VGConcepts",1
"Vi_tor2",1
"vibegender",1
"Wazupnaija",1
"Wikimemia",1
"wlwlucas",1
"xuvszn",1
"Y33tF",1
"YT_SplitScreen",1
"Zaykoza",1
